﻿<?xml version="1.0" encoding="utf-8"?>
<ILSpy version="2.4.0.1963">
  <AssemblyLists>
    <List name="(Default)">
      <Assembly>C:\Windows\Microsoft.NET\Framework64\v4.0.30319\mscorlib.dll</Assembly>
      <Assembly>C:\Windows\Microsoft.Net\assembly\GAC_MSIL\System\v4.0_4.0.0.0__b77a5c561934e089\System.dll</Assembly>
      <Assembly>C:\Windows\Microsoft.Net\assembly\GAC_MSIL\System.Core\v4.0_4.0.0.0__b77a5c561934e089\System.Core.dll</Assembly>
      <Assembly>C:\Windows\Microsoft.Net\assembly\GAC_MSIL\System.Xml\v4.0_4.0.0.0__b77a5c561934e089\System.Xml.dll</Assembly>
      <Assembly>C:\Windows\Microsoft.Net\assembly\GAC_MSIL\System.Xaml\v4.0_4.0.0.0__b77a5c561934e089\System.Xaml.dll</Assembly>
      <Assembly>C:\Windows\Microsoft.Net\assembly\GAC_MSIL\WindowsBase\v4.0_4.0.0.0__31bf3856ad364e35\WindowsBase.dll</Assembly>
      <Assembly>C:\Windows\Microsoft.Net\assembly\GAC_64\PresentationCore\v4.0_4.0.0.0__31bf3856ad364e35\PresentationCore.dll</Assembly>
      <Assembly>C:\Windows\Microsoft.Net\assembly\GAC_MSIL\PresentationFramework\v4.0_4.0.0.0__31bf3856ad364e35\PresentationFramework.dll</Assembly>
      <Assembly>C:\Users\Michael\Downloads\ILSpyPortable\App\ILSpy\ICSharpCode.TreeView.dll</Assembly>
      <Assembly>C:\Users\Michael\Downloads\ILSpyPortable\App\ILSpy\Mono.Cecil.dll</Assembly>
      <Assembly>C:\Users\Michael\Downloads\ILSpyPortable\App\ILSpy\ICSharpCode.AvalonEdit.dll</Assembly>
      <Assembly>C:\Users\Michael\Downloads\ILSpyPortable\App\ILSpy\ICSharpCode.Decompiler.dll</Assembly>
      <Assembly>C:\Users\Michael\Downloads\ILSpyPortable\App\ILSpy\ILSpy.exe</Assembly>
      <Assembly>C:\Controlled\AdsdeanRedirectTracker\packages\DeviceDetector.NET.3.9.2.2\lib\net45\DeviceDetector.NET.dll</Assembly>
    </List>
  </AssemblyLists>
  <SessionSettings>
    <FilterSettings>
      <ShowInternalAPI>true</ShowInternalAPI>
      <Language>C#</Language>
    </FilterSettings>
    <ActiveAssemblyList>(Default)</ActiveAssemblyList>
    <ActiveTreeViewPath>
      <Node>DeviceDetector\x002ENET\x0020\x00283\x002E9\x002E2\x002E1\x0029</Node>
      <Node>DeviceDetectorNET\x002EParser\x002EDevice</Node>
      <Node>CameraParser</Node>
    </ActiveTreeViewPath>
    <WindowState>Maximized</WindowState>
    <WindowBounds>10,10,750,550</WindowBounds>
    <SplitterPosition>0.4</SplitterPosition>
    <TopPaneSplitterPosition>0.3</TopPaneSplitterPosition>
    <BottomPaneSplitterPosition>0.3</BottomPaneSplitterPosition>
  </SessionSettings>
</ILSpy>